filename,duration,sr,n_channels,loudness_lufs,loudness_rms_db,rms,bpm,n_beats,meter,genre,genre_confidence,danceability,danceability_confidence,voice_instrumental,mood_happy,mood_sad,mood_aggressive,mood_relaxed,pitch_median_hz,key,scale,key_strength,fluctuation,spectral_irregularity,session,n_onsets,syncopation_score
01_the_goo_goo_dolls_iris.mp3,289.78,44100,2,-8.16,-11.36,0.218978,150,662,4,Rock---Alternative Rock,0.301,not_danceable,0.68,voice,0.327,0.417,0.177,0.492,198.1,D,major,0.91,8364.7888,0.4087,session_log_02-23_15h-51m,,
02_hozier_take_me_to_church.mp3,240.3,44100,2,-7.72,-10.23,0.278502,125,373,4,Rock---Alternative Rock,0.184,not_danceable,0.79,voice,0.114,0.186,0.03,0.869,199.7,E,minor,0.885,9277.6264,0.4202,session_log_02-23_15h-51m,,
03_coldplay_adventure_of_a_lifetime.mp3,264.64,44100,2,-7.5,-9.27,0.314817,111,502,4,Funk / Soul---Neo Soul,0.123,danceable,0.973,voice,0.636,0.265,0.015,0.681,260.7,A,minor,0.88,8448.3427,0.4317,session_log_02-23_15h-51m,,
04_mgmt_time_to_pretend.mp3,2.2,44100,2,-15.63,-17.2,0.080392,158,6,4,Electronic---Experimental,0.281,danceable,0.784,instrumental,0.034,0.329,0.341,0.872,144.6,D,minor,0.353,1276.6934,0.2501,session_log_02-23_15h-51m,,
05_harry_styles_as_it_was.mp3,2.2,44100,2,-23.84,-29.81,0.024794,0,1,4,Children's---Story,0.184,not_danceable,0.762,voice,0.139,0.377,0.154,0.63,411.0,Bb,minor,0.663,1987.4904,0.2981,session_log_02-23_15h-51m,,
06_coldplay_yellow.mp3,272.21,44100,2,-8.4,-11.44,0.236592,86,386,4,Rock---Indie Rock,0.532,not_danceable,0.875,voice,0.439,0.426,0.187,0.405,249.7,B,major,0.947,7009.8963,0.4478,session_log_02-23_15h-51m,,
07_harry_styles_watermelon_sugar.mp3,173.04,44100,2,-7.28,-10.13,0.269982,97,276,4,Rock---Alternative Rock,0.122,danceable,0.714,voice,0.627,0.472,0.014,0.703,285.7,C,major,0.84,7359.0135,0.423,session_log_02-23_15h-51m,,
08_muse_madness.mp3,4.39,44100,2,-17.03,-17.17,0.115545,92,7,3,Electronic---Ambient,0.121,danceable,0.955,instrumental,0.076,0.293,0.116,0.845,58.4,Bb,major,0.882,2005.9839,0.4168,session_log_02-23_15h-51m,,
09_the_chainsmokers_something_just_like_this.mp3,247.13,44100,2,-8.43,-10.75,0.224846,103,416,4,Electronic---Synth-pop,0.111,danceable,0.718,voice,0.284,0.427,0.069,0.621,185.8,D,major,0.959,7860.3699,0.4535,session_log_02-23_15h-51m,,
10_maroon_5_this_love.mp3,205.26,44100,2,-7.29,-10.14,0.266962,94,322,4,Pop---Vocal,0.208,danceable,0.792,voice,0.785,0.34,0.011,0.492,288.8,C,minor,0.839,7558.9357,0.4065,session_log_02-23_15h-51m,,
11_empire_of_the_sun_walking_on_a_dream.mp3,28.92,44100,2,-13.96,-16.13,0.106818,125,62,4,Electronic---Ambient,0.138,danceable,0.965,voice,0.531,0.18,0.078,0.355,267.2,Eb,major,0.764,4122.8888,0.4796,session_log_02-23_15h-51m,,
,,,,,,,,,,,,,,,,,,,,,,,,,,,
01_empire_of_the_sun_walking_on_a_dream.mp3,164.53,44100,2,-11.77,-14.24,0.159922,125,348,4,Electronic---Disco,0.331,danceable,0.895,voice,0.846,0.139,0.041,0.188,265.8,F,minor,0.897,7544.6542,0.4308,session_log_02-24_09h-30m,,
02_miley_cyrus_flowers.mp3,201.55,44100,2,-7.38,-9.68,0.291008,120,378,4,Electronic---House,0.264,danceable,0.913,voice,0.561,0.24,0.023,0.59,221.3,A,minor,0.843,9275.1656,0.423,session_log_02-24_09h-30m,,
03_m83_outro.mp3,61.21,44100,2,-27.51,-29.97,0.024333,55,39,2,Stage & Screen---Soundtrack,0.58,not_danceable,0.974,instrumental,0.031,0.135,0.008,0.981,147.8,D,major,0.946,2386.3168,0.4864,session_log_02-24_09h-30m,,
04_coldplay_my_universe.mp3,228.35,44100,2,-8.12,-10.23,0.25907,103,401,4,Electronic---Synth-pop,0.181,danceable,0.919,voice,0.316,0.212,0.07,0.697,241.2,E,major,0.894,8283.8014,0.4151,session_log_02-24_09h-30m,,
05_sombr_back_to_friends.mp3,107.26,44100,2,-5.91,-8.23,0.345198,94,166,4,Rock---Indie Rock,0.401,danceable,0.841,voice,0.694,0.211,0.189,0.346,272.8,C#,major,0.916,5016.5586,0.4079,session_log_02-24_09h-30m,,
06_oasis_live_forever_remastered.mp3,4.44,44100,2,-12.73,-16.19,0.107763,91,8,2,Rock---Heavy Metal,0.094,danceable,0.546,instrumental,0.057,0.168,0.894,0.268,124.9,E,minor,0.806,1847.5558,0.3648,session_log_02-24_09h-30m,,
07_maroon_5_she_will_be_loved_radio_mix.mp3,269.07,44100,2,-8.24,-10.78,0.248831,103,437,4,Rock---Pop Rock,0.168,danceable,0.575,voice,0.308,0.465,0.059,0.764,308.5,Eb,major,0.922,9830.6406,0.4503,session_log_02-24_09h-30m,,
08_gotye_somebody_that_i_used_to_know.mp3,243.9,44100,2,-21.77,-24.1,0.051463,130,548,4,Rock---Folk Rock,0.082,not_danceable,0.921,voice,0.583,0.437,0.006,0.741,157.9,C,major,0.82,9363.8867,0.441,session_log_02-24_09h-30m,,
09_coldplay_viva_la_vida.mp3,242.09,44100,2,-18.83,-21.65,0.066739,136,558,4,Rock---Brit Pop,0.208,not_danceable,0.783,voice,0.37,0.262,0.038,0.666,235.1,Ab,major,0.929,6825.0618,0.4284,session_log_02-24_09h-30m,,
10_florence_the_machine_youve_got_the_love.mp3,43.91,44100,2,-15.6,-18.83,0.094946,111,80,4,Hip Hop---RnB/Swing,0.199,danceable,0.613,voice,0.295,0.326,0.006,0.515,355.5,C#,major,0.852,4894.5091,0.4148,session_log_02-24_09h-30m,,
11_dido_white_flag.mp3,4.43,44100,2,-11.33,-13.45,0.175723,86,7,3,Electronic---Downtempo,0.16,danceable,0.953,voice,0.258,0.413,0.002,0.938,256.9,D,minor,0.831,2063.8217,0.4466,session_log_02-24_09h-30m,,
12_ellie_goulding_lights_single_version.mp3,210.7,44100,2,-8.53,-10.33,0.257237,120,418,4,Electronic---House,0.164,danceable,0.983,voice,0.482,0.171,0.036,0.443,173.2,C,major,0.819,7717.9466,0.4308,session_log_02-24_09h-30m,,
13_mgmt_kids.mp3,22.0,44100,2,-7.28,-11.77,0.205007,125,34,4,Electronic---Electro,0.16,danceable,0.792,voice,0.49,0.12,0.766,0.228,742.0,E,major,0.475,2694.4653,0.3904,session_log_02-24_09h-30m,,
14_elton_john_cold_heart_pnau_remix.mp3,202.99,44100,2,-8.44,-10.38,0.24212,115,391,4,Electronic---House,0.392,danceable,0.975,voice,0.377,0.177,0.008,0.52,266.2,C#,major,0.888,8416.2466,0.4345,session_log_02-24_09h-30m,,
15_dua_lipa_dont_start_now.mp3,181.12,44100,2,-9.07,-11.27,0.229254,125,358,4,Electronic---House,0.366,danceable,0.977,voice,0.509,0.123,0.041,0.294,280.4,D,major,0.83,10330.1745,0.3985,session_log_02-24_09h-30m,,
16_gnarls_barkley_crazy.mp3,180.6,44100,2,-11.94,-14.06,0.174966,111,331,4,Electronic---Downtempo,0.359,danceable,0.941,instrumental,0.62,0.187,0.026,0.639,207.2,C,minor,0.842,8198.4291,0.4278,session_log_02-24_09h-30m,,
17_lykke_li_i_follow_rivers_the_magician_remix.mp3,4.39,44100,2,-15.97,-22.52,0.019709,0,1,4,Electronic---Experimental,0.074,danceable,0.563,instrumental,0.094,0.246,0.325,0.804,223.5,E,minor,0.625,1102.1984,0.3462,session_log_02-24_09h-30m,,
,,,,,,,,,,,,,,,,,,,,,,,,,,,
01_harry_styles_as_it_was.mp3,10.24,44100,2,-7.89,-12.7,0.151092,188,19,4,Rock---Indie Rock,0.164,danceable,0.66,instrumental,0.328,0.375,0.259,0.713,440.6,A,major,0.83,2061.9471,0.4093,session_log_02-25_16h-27m,9,41
02_tame_impala_the_less_i_know_the_better.mp3,19.57,44100,2,-9.31,-11.77,0.210638,115,38,4,Funk / Soul---Funk,0.209,danceable,0.989,voice,0.685,0.108,0.247,0.157,140.1,C#,minor,0.891,3515.3743,0.4576,session_log_02-25_16h-27m,35,33
,,,,,,,,,,,,,,,,,,,,,,,,,,,
01_tame_impala_the_less_i_know_the_better.mp3,36.74,44100,2,-6.78,-9.09,0.301809,115,72,4,Pop---K-pop,0.366,danceable,0.997,voice,0.765,0.153,0.067,0.273,145.7,E,major,0.862,3971.0945,0.4594,session_log_02-25_16h-30m,,
02_elton_john_cold_heart_pnau_remix.mp3,200.26,44100,2,-8.44,-10.32,0.24543,115,390,4,Electronic---House,0.397,danceable,0.982,voice,0.378,0.173,0.005,0.517,266.5,C#,major,0.888,8492.3379,0.4361,session_log_02-25_16h-30m,,
03_dua_lipa_dance_the_night_from_barbie_the_album.mp3,177.66,44100,2,-7.5,-10.01,0.269167,111,313,4,Pop---K-pop,0.396,danceable,0.949,voice,0.329,0.275,0.009,0.769,291.1,B,minor,0.859,7453.7828,0.3917,session_log_02-25_16h-30m,,
04_elton_john_cold_heart_claptone_remix.mp3,23.82,44100,2,-7.63,-9.07,0.295824,125,50,4,Electronic---House,0.553,danceable,1.0,voice,0.538,0.056,0.063,0.158,116.3,Bb,minor,0.921,4028.5402,0.4519,session_log_02-25_16h-30m,,
05_miley_cyrus_flowers.mp3,201.55,44100,2,-7.38,-9.68,0.291008,120,378,4,Electronic---House,0.264,danceable,0.913,voice,0.561,0.24,0.023,0.59,221.3,A,minor,0.843,9275.1656,0.423,session_log_02-25_16h-30m,,
06_elton_john_hold_me_closer.mp3,199.08,44100,2,-15.99,-18.07,0.103357,125,410,4,Electronic---House,0.254,danceable,0.927,voice,0.255,0.195,0.05,0.472,203.5,C,major,0.877,7829.3924,0.3899,session_log_02-25_16h-30m,,
07_dua_lipa_be_the_one.mp3,17.22,44100,2,-14.52,-17.33,0.098158,88,26,4,Electronic---Ambient,0.151,danceable,0.945,instrumental,0.077,0.369,0.043,0.905,260.6,F,major,0.898,3031.9983,0.4622,session_log_02-25_16h-30m,,
08_elton_john_cold_heart_ps1_remix.mp3,165.2,44100,2,-8.03,-9.49,0.292267,120,331,4,Electronic---House,0.583,danceable,0.991,voice,0.351,0.134,0.045,0.411,261.1,Bb,minor,0.84,6709.2784,0.47,session_log_02-25_16h-30m,,
09_the_human_league_dont_you_want_me.mp3,240.28,44100,2,-11.92,-14.63,0.156506,115,463,4,Electronic---Italo-Disco,0.41,danceable,0.969,voice,0.842,0.075,0.034,0.178,224.3,C,major,0.868,8280.294,0.4193,session_log_02-25_16h-30m,,
10_nelly_furtado_turn_off_the_light.mp3,4.31,44100,2,-20.12,-22.63,0.056473,91,6,2,Electronic---House,0.084,danceable,0.503,instrumental,0.147,0.479,0.047,0.82,147.0,G,major,0.848,1991.2837,0.4996,session_log_02-25_16h-30m,,
11_inxs_need_you_tonight.mp3,2.14,44100,2,-14.18,-15.84,0.089185,111,4,4,Electronic---House,0.3,danceable,1.0,voice,0.323,0.044,0.036,0.08,59.7,C,minor,0.63,2498.642,0.2667,session_log_02-25_16h-30m,,
12_pet_shop_boys_always_on_my_mind_2003_remaster.mp3,4.49,44100,2,-15.74,-17.85,0.094507,125,9,4,Electronic---Synth-pop,0.276,danceable,0.957,voice,0.321,0.063,0.371,0.291,357.9,F,minor,0.401,2343.4455,0.3169,session_log_02-25_16h-30m,,
13_dua_lipa_levitating.mp3,117.0,44100,2,-6.58,-9.04,0.303854,103,201,4,Pop---K-pop,0.453,danceable,0.922,voice,0.658,0.143,0.009,0.436,277.6,B,minor,0.913,6969.5144,0.4025,session_log_02-25_16h-30m,,
,,,,,,,,,,,,,,,,,,,,,,,,,,,
01_britney_spears_piece_of_me.mp3,8.6,44100,2,-9.53,-12.75,0.169987,115,17,4,Electronic---Electro,0.153,danceable,0.984,voice,0.301,0.062,0.749,0.147,115.5,Ab,minor,0.815,2715.5983,0.3501,session_log_02-26_08h-48m,,
02_britney_spears_lucky.mp3,204.52,44100,2,-9.86,-13.3,0.17666,94,321,4,Pop---Europop,0.372,danceable,0.971,voice,0.825,0.146,0.08,0.187,280.7,Ab,major,0.858,8138.1539,0.3986,session_log_02-26_08h-48m,,
03_britney_spears_baby_one_more_time.mp3,30.43,44100,2,-13.44,-16.13,0.123171,94,48,4,Hip Hop---RnB/Swing,0.309,danceable,0.987,voice,0.842,0.179,0.066,0.331,197.2,C,minor,0.911,5215.3686,0.3932,session_log_02-26_08h-48m,,
04_tracy_chapman_fast_car.mp3,229.7,44100,2,-20.28,-21.97,0.071401,103,397,4,"Folk, World, & Country---Folk",0.084,not_danceable,0.978,voice,0.202,0.116,0.001,0.765,220.6,A,major,0.913,9848.5494,0.4213,session_log_02-26_08h-48m,,
05_elton_john_your_song.mp3,238.19,44100,2,-12.8,-15.34,0.134428,130,490,4,"Folk, World, & Country---Folk",0.209,not_danceable,0.976,voice,0.094,0.049,0.001,0.958,193.4,Eb,major,0.899,8486.2337,0.4451,session_log_02-26_08h-48m,,
06_james_taylor_how_sweet_it_is_to_be_loved_by_you_2019_remaster.mp3,24.11,44100,2,-16.18,-18.38,0.105448,111,44,4,Rock---Soft Rock,0.137,not_danceable,0.998,voice,0.767,0.126,0.0,0.882,196.6,G,major,0.914,4082.8747,0.4126,session_log_02-26_08h-48m,,
07_dave_matthews_band_the_space_between.mp3,2.22,44100,2,-16.93,-19.66,0.068397,158,6,4,Rock---Alternative Rock,0.208,not_danceable,0.588,voice,0.144,0.374,0.796,0.35,104.4,E,major,0.756,2121.0021,0.3212,session_log_02-26_08h-48m,,
08_james_taylor_how_sweet_it_is_to_be_loved_by_you_2019_remaster.mp3,205.22,44100,2,-14.69,-17.33,0.120175,111,385,4,Rock---Soft Rock,0.155,not_danceable,0.996,voice,0.665,0.108,0.0,0.875,202.1,G,major,0.922,9682.399,0.415,session_log_02-26_08h-48m,,
09_hootie_the_blowfish_only_wanna_be_with_you.mp3,222.49,44100,2,-9.65,-12.22,0.219916,103,374,4,Rock---Indie Rock,0.291,not_danceable,0.778,voice,0.379,0.301,0.014,0.546,208.3,F#,major,0.906,6606.5743,0.3923,session_log_02-26_08h-48m,,
10_dave_matthews_band_ants_marching.mp3,4.36,44100,2,-15.67,-21.05,0.04861,113,9,4,Funk / Soul---New Jack Swing,0.074,danceable,0.645,instrumental,0.199,0.276,0.317,0.248,364.8,D,minor,0.575,2897.2804,0.2952,session_log_02-26_08h-48m,,
11_fleetwood_mac_landslide.mp3,197.88,44100,2,-14.3,-16.65,0.112927,81,302,2,Pop---Ballad,0.108,not_danceable,0.976,voice,0.045,0.136,0.003,0.877,205.6,Bb,major,0.867,6981.9859,0.4647,session_log_02-26_08h-48m,,
12_james_taylor_youve_got_a_friend_2019_remaster.mp3,126.33,44100,2,-20.7,-22.58,0.059689,91,195,4,"Folk, World, & Country---Folk",0.223,not_danceable,0.998,voice,0.097,0.017,0.0,0.982,146.2,A,major,0.929,7130.0384,0.4616,session_log_02-26_08h-48m,,
,,,,,,,,,,,,,,,,,,,,,,,,,,,
01_coldplay_yellow.mp3,239.12,44100,2,-8.34,-11.25,0.245121,86,343,4,Rock---Indie Rock,0.547,not_danceable,0.885,voice,0.454,0.418,0.158,0.406,251.4,B,major,0.945,6826.5854,0.4527,session_log_02-27_10h-37m,,
02_tame_impala_the_less_i_know_the_better.mp3,8.8,44100,2,-12.79,-16.1,0.12622,115,17,4,Funk / Soul---Funk,0.293,danceable,0.985,voice,0.572,0.074,0.373,0.117,139.9,C#,minor,0.85,3075.7928,0.4297,session_log_02-27_10h-37m,,
03_edwin_mccain_i_could_not_ask_for_more.mp3,279.75,44100,2,-7.7,-11.2,0.239015,67,308,4,Rock---Pop Rock,0.254,not_danceable,0.758,voice,0.474,0.383,0.044,0.419,221.2,F,major,0.97,6706.686,0.4,session_log_02-27_10h-37m,,
04_edwin_mccain_ill_be.mp3,260.89,44100,2,-8.72,-11.65,0.232827,136,602,4,Rock---Alternative Rock,0.172,not_danceable,0.951,voice,0.339,0.288,0.07,0.458,246.2,B,major,0.967,7934.1737,0.4469,session_log_02-27_10h-37m,,
05_tame_impala_borderline.mp3,21.6,44100,2,-9.97,-12.24,0.197624,97,35,4,Electronic---Downtempo,0.147,danceable,0.999,voice,0.708,0.06,0.071,0.353,348.6,C,minor,0.849,3191.3993,0.4341,session_log_02-27_10h-37m,,
06_alanis_morissette_head_over_feet_2015_remaster.mp3,6.53,44100,2,-14.69,-17.89,0.109432,81,9,4,Rock---Pop Rock,0.149,not_danceable,0.812,voice,0.482,0.321,0.008,0.693,209.3,C,major,0.94,2671.6232,0.3728,session_log_02-27_10h-37m,,
07_the_goo_goo_dolls_iris.mp3,268.49,44100,2,-11.04,-13.99,0.16507,158,614,4,Rock---Alternative Rock,0.262,not_danceable,0.735,voice,0.289,0.389,0.137,0.49,219.5,D,major,0.905,8188.8151,0.4023,session_log_02-27_10h-37m,,
08_howie_day_collide.mp3,247.06,44100,2,-11.82,-14.38,0.155341,94,404,4,Rock---Brit Pop,0.325,not_danceable,0.929,voice,0.117,0.159,0.006,0.753,165.5,B,major,0.962,7568.0357,0.4232,session_log_02-27_10h-37m,,
09_five_for_fighting_superman_its_not_easy.mp3,216.74,44100,2,-14.83,-18.13,0.099688,107,356,4,Rock---Pop Rock,0.191,not_danceable,0.983,voice,0.145,0.158,0.007,0.656,263.7,C,major,0.974,8201.5589,0.4605,session_log_02-27_10h-37m,,
10_gin_blossoms_til_i_hear_it_from_you.mp3,8.8,44100,2,-14.08,-18.12,0.105122,125,19,4,Rock---Alternative Rock,0.239,not_danceable,0.935,voice,0.334,0.293,0.076,0.414,220.0,A,major,0.769,2764.0185,0.5118,session_log_02-27_10h-37m,,
,,,,,,,,,,,,,,,,,,,,,,,,,,,
01_edwin_mccain_ill_be.mp3,253.75,44100,2,-7.99,-11.06,0.2488,136,597,4,Rock---Alternative Rock,0.171,not_danceable,0.953,voice,0.392,0.306,0.062,0.435,246.3,B,major,0.968,7898.8594,0.4406,session_log_03-02_15h-13m,259,39
02_third_eye_blind_hows_it_going_to_be.mp3,254.49,44100,2,-17.62,-20.23,0.083546,81,313,4,Rock---Alternative Rock,0.429,not_danceable,0.794,voice,0.337,0.453,0.219,0.48,177.6,F,major,0.932,6895.8488,0.433,session_log_03-02_15h-13m,381,46
03_barenaked_ladies_pinch_me.mp3,18.57,44100,2,-9.67,-11.47,0.239008,97,29,4,Electronic---Trip Hop,0.251,danceable,0.919,instrumental,0.562,0.212,0.043,0.491,123.5,C,major,0.908,3934.8182,0.4315,session_log_03-02_15h-13m,61,58
04_hootie_the_blowfish_hold_my_hand.mp3,255.56,44100,2,-9.23,-12.42,0.204337,86,382,4,Rock---Hard Rock,0.204,not_danceable,0.942,voice,0.418,0.246,0.039,0.403,236.6,E,major,0.843,7505.1918,0.4105,session_log_03-02_15h-13m,389,49
05_collective_soul_the_world_i_know.mp3,100.68,44100,2,-19.99,-22.41,0.065944,77,128,4,Rock---Alternative Rock,0.264,not_danceable,0.963,voice,0.161,0.13,0.008,0.713,218.9,G,major,0.839,4812.4063,0.4325,session_log_03-02_15h-13m,145,48
